,source,target
0,Abad Pencerahan,Jaman Pepadhang
1,Abad Pertengahan,Abad Tengahan
2,abang,dimas
3,Abbesinia,Abisinia
4,abdomen,weteng
5,abjad,alfabèt
6,Abraham Lincoln,Abraham Lincoln
7,abu,awu
8,Accra,Accra
9,Addis Ababa,Addis Ababa
10,adik,ari
11,adik perempuan,mbak
12,adil,adil
13,Afganistan,Afganistan
14,Afghanistan,Afganistan
15,Afrika,Afrika
16,agak,radi
17,agama,agama
18,Agama Abrahamik,Agama Abrahamik
19,Agama Kristen,Agami Kristen
20,Agama Yahudi,Agami Yahudi
21,Agustus,agustus
22,agustus,agustus
23,Ain,Ain
24,air,banyu
25,air mata,luh
26,air terjun,grojogan
27,Aisne,Aisne
28,akan,arep
29,akar,oyot
30,aksara,alfabèt
31,aku,aku
32,Aku cinta kamu,Kula tresna sampeyan
33,aku cinta kamu,aku tresna sampeyan
34,Aku cinta kepadamu,Kula tresna sampeyan
35,aku cinta kepadamu,aku tresna sampeyan
36,Aku cinta padamu,Kula tresna sampeyan
37,aku cinta padamu,aku tresna sampeyan
38,Aku sayang kamu,Aku tresna sampeyan
39,aku sayang kamu,kula tresna sampeyan
40,Aku suka sama kamu,Aku tresna sampeyan
41,aku suka sama kamu,kula tresna sampeyan
42,alam,alam
43,alam semesta,alam semesta
44,alasan,alesan
45,Albania,Albania
46,Alexander Agung,Alexander Agung
47,Alexander yang Agung,Alexander Agung
48,alfabet,alfabèt
49,alis,alis
50,aliterasi,purwakanthi
51,Aljazair,Aljazair
52,Aljir,Aljir
53,alkana,alkana
54,Alkitab,Alkitab
55,alkuna,alkuna
56,Allah,Allah
57,almari,lemari
58,Al-Qur'an,Al-Qur'an
59,Al-Qur’an,Al-Qur’an
60,aluminium,alumunium
61,aluminum,aluminium
62,Amazon,Amazon
63,Amerika,Amérika
64,Amos,Amos
65,Amsal,Wulang Bebasan
66,Amsterdam,Amsterdam
67,Amu Darya,Amu Darya
68,anai-anai,laron
69,anak,lare
70,anak babi,genjik
71,anak mata,pupil
72,anak perempuan,putri
73,anarkisme,anarkisme
74,ancuk,ancok
75,anda,ko
76,Andora,Andorra
77,Andorra,Andorra
78,Andorra la Vella,Andorra la Vella
79,anestesi,anestesi
80,anggar,anggar
81,anggur,anggur
82,angin,angin
83,Angola,Angola
84,angsa,banyak
85,Anguilla,Anguilla
86,anion,anion
87,anjing,asu
88,anjing gembala Jerman,asu herder Jerman
89,anjing rakun,rakun
90,anjiŋ,asu
91,Antartika,Antartika
92,antibodi,antibodi
93,Antillen Belanda,Antillen Walanda
94,antimon,antimon
95,antioksidan,antioksidan
96,antraks,antraks
97,anus,anus
98,aorta,aorta
99,apa,apa
100,apel,apel
101,apendiks,umbai cacing
102,api,geni
103,April,April
104,april,april
105,Arab Saudi,Arab Saudi
106,araneo,angga-angga
107,Argentina,Argentina
108,Aries,Aries
109,Aristoteles,Aristoteles
110,arsenik,arsenik
111,arsitektur,arsitéktur
112,arteri,pambuluh nadi
113,Aruba,Aruba
114,asam,asam
115,asam amino,asam amino
116,asam asetat,hidrogen asetat
117,asam cuka,hidrogen asetat
118,asam deoksiribonukleat,asem déoksiribonukleat
119,asam etanoat,hidrogen asetat
120,asam jawa,asem jawa
121,asam metanakarboksilat,asam asetat
122,asam nitrat,hidrogen nitrat
123,asam sulfat,asam sulfat
124,asap,kukus
125,asetilena,asetilena
126,asetil hidroksida,hidrogen asetat
127,Asia,Asia
128,Asia Selatan,Asia Kidul
129,Asia Tenggara,Asia Kidul-wétan
130,asin,asin
131,askariasis,askariasis
132,astrologi,astrologi
133,astronomi,astronomi
134,atap,empyak
135,atau,utawa
136,ateisme,atéisme
137,Athena,Athena
138,atlas,atlas
139,Australia,Australia
140,Austria,Austria
141,Austria-Hongaria,Austria-Hungaria
142,awan,mega
143,Awan Oort,Awan Oort
144,awas,ati-ati
145,ayah,bapak
146,ayahanda,bapak
147,ayam,pitik
148,ayatullah,ayatollah
149,Ayub,Ayub
150,Azerbaijan,Azerbaijan
151,aŋin,hangin
152,babi,babi
153,babi hutan,celeng
154,babi jantan,celeng
155,bacot,congor
156,badai,prahara
157,badak,warak
158,badan,badan
159,"Badan Pendidikan, Ilmu Pengetahuan dan Budaya Perserikatan Bangsa-Bangsa","Organisasi Pendhidhikan, Èlmu Kawruh, lan Kabudayan Perserikatan Bangsa-Bangsa"
160,bagaimana,kados pundi
161,bagian,bagean
162,bagus,apik
163,bahasa,basa
164,bahasa aceh,basa aceh
165,bahasa akkadia,basa inggris
166,bahasa albania,basa albania
167,bahasa aragon,basa yunani
168,bahasa bali,basa bali
169,Bahasa Bosnia,Basa Bosnia
170,bahasa bosnia,basa bosnia
171,bahasa bugis,basa bugis
172,Bahasa Faroe,basa Faroe
173,bahasa Ibrani,basa Ibrani
174,bahasa ibrani,basa ibrani
175,bahasa Indonesia,basa Indonesia
176,bahasa indonesia,basa indonésia
177,Bahasa Inggris,Basa Inggeris
178,bahasa Inggris,basa Inggris
179,bahasa inggris,basa inggris
180,Bahasa Jawa,Basa Jawa
181,bahasa Jawa,basa Jawa
182,bahasa jawa,basa jawa
183,Bahasa Jepang,basa Jepang
184,bahasa Jepang,basa Jepang
185,bahasa Jerman,basa Jerman
186,bahasa jerman,basa jerman
187,bahasa kasar,pisuhan
188,bahasa kawi,Kawi
189,bahasa kotor,pisuhan
190,bahasa kroasia,basa kroasia
191,bahasa latin,basa latin
192,bahasa Madura,basa Madura
193,bahasa madura,basa madura
194,bahasa Melayu,basa Melayu
195,bahasa melayu,basa melayu
196,bahasa Moldova,basa Moldova
197,bahasa Navajo,basa Navajo
198,bahasa nepal,basa nepal
199,bahasa pali,basa pali
200,Bahasa Perancis,basa Prancis
201,bahasa Perancis,basa Prancis
202,bahasa perancis,basa prancis
203,bahasa polski,basa polski
204,bahasa Romansch,Romansh
205,bahasa Romansh,Romansh
206,Bahasa Sansekerta,Basa Sansekreta
207,bahasa Sansekerta,basa Sangskreta
208,bahasa Sanskerta,basa Sangskreta
209,bahasa sanskerta,basa sangskreta
210,bahasa sasak,basa sasak
211,bahasa serbia,basa serbia
212,bahasa Spanyol,basa Spanyol
213,bahasa spanyol,basa spanyol
214,bahasa Sunda,basa Sundha
215,bahasa sunda,basa sundha
216,Bahasa Tamil,Basa Tamil
217,bahasa tamil,basa tamil
218,bahasa Tetun,basa Tetun
219,bahasa tetun,basa tetun
220,Bahasa Tok Pisin,Basa Tok Pisin
221,bahu,bahu
222,baik,apik
223,bajing,bajing
224,bajingan,asu
225,bajingan kamu,jancok
226,baju,klambi
227,bakmi,bakmi
228,Baku,Baku
229,balap karung,balap karung
230,bambu,pring
231,bandit,bajingan
232,Bangladesh,Bangladesh
233,bangsa,negara
234,Bangsa Inggris,Bangsa Inggeris
235,bangsat,mbokné ancok
236,bank,bank
237,bantal,bantal
238,banyak,okeh
239,banyak omong,cangkeman
240,bapa,bapak
241,bapak,bapak
242,barat,kulon
243,barat daya,kidul-kulon
244,Barbados,Barbados
245,baring,ngapusi
246,baru,enggal
247,basa,basa
248,basah,teles
249,batik,bathik
250,batok kepala,tengkorak
251,batu,watu
252,batu bata,bata
253,bau,ambu
254,bawah tanah,ngisor
255,bawang,brambang
256,bawang merah,brambang
257,bawang putih,bawang
258,bayam,bayem
259,Bayern,Bayern
260,bayi,bayi
261,bebal,goblog
262,bebek,bebek
263,beda,seje
264,bedah,bedhah
265,bedebah,jancok
266,Beijing,Beijing
267,bekerja,kerjo
268,belajar,sinau
269,belakaŋ,peŋker
270,belalang,walang
271,Belanda,Walanda
272,belanja,blonjo
273,belantara,wana
274,Belarus,Belarus
275,belerang,welirang
276,Belgia,Belgia
277,beliau,ḍεwεʔ-e
278,belimbing,blimbing
279,Belize,Belize
280,belok,menggok
281,bélok,menggok
282,belut,welut
283,benang,bola
284,benar,bener
285,benar-benar,tenan
286,bendera,gendéra
287,bengkak,abuh
288,Benin,Benin
289,benteng,bèntèng
290,beol,ngising
291,berani,kendel
292,beras,beras
293,berat,abot
294,berbaring,sarean
295,berbariŋ,sarean
296,berbau,mambu
297,berbeda,benten
298,berbeda-beda,beda
299,berbicara,ngomong
300,berburu,buru
301,berderik-derik,tenan
302,berdiri,ad.ěg
303,berdosa,duso
304,berenang,ŋlaŋi
305,berenaŋ,langhuy
306,berfikir,mikir
307,berhati-hati,ati-ati
308,beri,weneh
309,berjalan,mlaku
310,berkata,kanda
311,berlain-lainan,seje
312,berlari,mbelayu
313,Berlin,Berlin
314,bermain,dolanan
315,bermimpi,ipi
316,Bermuda,Bermuda
317,bermusik,nyuling
318,bernafas,ambegan
319,bernapas,ambegan
320,bersembunyi,nḍelik
321,bersepeda,nyepédhah
322,bersih,resik
323,bertiup,sumilir
324,beruang,beruang
325,berudu,kecebong
326,besar,gede
327,besi,wesi
328,besok,sesok
329,betik,kates
330,betina,wadon
331,Bhutan,Bhutan
332,biasanya,biasane
333,biaya,ragad
334,bibi,bulek
335,bibit,wiji
336,biji,wiji
337,biji mata,pupil
338,biji peler,konthol
339,biji salak,konthol
340,bila,benjaŋ menapa
341,Bilangan,Wilangan
342,Bima Sakti,Bima Sakti
343,binatang,kewan
344,binokular,kèker
345,bintang,lintang
346,bintang laut,bintang laut
347,bintaŋ,lintaŋ
348,biokimia,biokimia
349,biologi,biologi
350,bioluminesensi,bioluminesensi
351,biosfer,biosfer
352,bir,bir
353,biru,biru
354,bis,bus
355,bleng,bleng
356,bodoh,goblog
357,bohrium,bohrium
358,bola,bal
359,bola voli,voli
360,bom,bom
361,boraks,bleng
362,boron,boron
363,botak,buthak
364,botol,gendul
365,Brahmaputra,Brahmaputra
366,Bremen,Bremen
367,brengsek,jancok
368,brigade,brigade
369,Britania,Bangsa Inggeris
370,bromin,bromin
371,Brusel,Brusel
372,Brussel,Brussel
373,buah,wwah
374,buah anggur,anggur
375,buah-buahan,wwah
376,buah nona,srikaya
377,buaya,baya
378,bubur,bubur
379,Buddha,Buddha
380,bujur,dawa
381,bukan,mboten
382,buku,buku
383,Bulan,Bulan
384,bulan,mbulan
385,bulat,bunder
386,bulu,wulu
387,bulu mata,idep
388,bumbu,bumbu
389,Bumi,Bumi
390,bunda,ibu
391,bunga,kembang
392,bunglon,bunglon
393,bungur,bungur
394,Burkina Faso,Burkina Faso
395,Burundi,Burundi
396,burung,manuk
397,burung hantu,darès
398,buruŋ,manuk
399,bus,bus
400,busuk,mambet
401,buta,wuto
402,buŋa,kembaŋ
403,Bydgoszcz,Bydgoszcz
404,cabai,lombok
405,cabang,pang
406,cabe,cabe
407,cabo,lonthé
408,cacing,cacing
409,cacing kremi,cacing kremi
410,cacing tanah,cacing lemah
411,caciŋ,cacing
412,cahaya,cahya
413,cakra,cakra
414,Canada,Kanada
415,Canberra,Canberra
416,Cancer,Cancer
417,candra,bulan
418,canggung,katro
419,cangkir,cangkir
420,cangkul,pacul
421,cápa,hiyu
422,Capricornus,Capricornus
423,capung,semprang
424,catur,sekak
425,celeng,celeng
426,cello,cello
427,celurut,curut
428,cempedak,cempedak
429,cengkerik,jangkrik
430,Ceres,Ceres
431,cerita,carita
432,cermin,pengilon
433,cetitet,bleng
434,Chad,Chad
435,Chelyabinsk,Chelyabinsk
436,China,Cina
437,Cina,Cina
438,cinta,cinta
439,cium,ambu
440,ciuman,ciuman
441,ciuman Yudas,ciuman Yudas
442,Cleopatra,Cleopatra
443,coklat,soklat
444,Colossus di Rhodes,Kolosus ing Rodos
445,Conakry,Conakry
446,copet,copèt
447,cuci,umbah
448,cukimai,jancok
449,cukup,cekap
450,Częstochowa,Częstochowa
451,dada,dhadha
452,Dagestan,Dagestan
453,daging,daging
454,dagiŋ,ulam
455,dagu,janggut
456,dahan,pang
457,dahi,bathuk
458,daku,aku
459,dalam,jeru
460,dan,lan
461,Dana Anak-Anak Perserikatan Bangsa-Bangsa,Dana Bocah-bocah Perserikatan Bangsa-Bangsa
462,danau,ranu
463,Danau Tanganyika,Tlaga Tanganyika
464,dangkal,cethek
465,Daniel,Danièl
466,dapur,pawon
467,darah,getih
468,dari,saking
469,dari sini,saka kene
470,dari subuh sampai sore,seka esuk nganti sore
471,dasar brengsek,jancok
472,datang,teka
473,dataŋ,para
474,daun,godhong
475,Debian,Debian
476,debu,awu
477,dekat,cedda’
478,delapan,wolu
479,demokrasi,démokrasi
480,dengan,karo
481,dengar,rungu
482,Denmark,Denmark
483,dermatologi,dermatologi
484,dermawan,loman
485,desa,désa
486,Desember,Désèmber
487,dewa,hyang
488,dewata,hyang
489,dewi,dewi
490,di,ana
491,[d]ia,deweke
492,dia,ḍεwεʔ-e
493,dialek,dhialek
494,Dialek Banyumas,basa banyumasan
495,[di] atas,ana nḍuwur
496,di atas,ana nḍuwur
497,di bawah,an.d.ap
498,[di] dalam,dalěm
499,di dalam,ing
500,di mana,ngendi
501,dimana,ngendi
502,dimetrodon,dimetrodon
503,dingin,asrep
504,dinosaurus,dinosaurus
505,diri,jumeneng
506,di sana,kono
507,di sini,kene
508,diŋin,a-tis
509,Djibouti,Djibouti
510,dll.,lsp.
511,dlsb.,lsp.
512,DNA,DNA
513,Doa Bapa Kami,Kanjeng Rama
514,Doha,Doha
515,domba,mendo
516,Dominika,Dominika
517,domino,domino
518,dongeng,dongeng
519,dorong,surung
520,dsb.,lsp.
521,dua,loro
522,dua puluh,rong puluh
523,duapuluh lima,selangkung
524,dubur,silit
525,duduk,longguh
526,duit,dhuwit
527,Dulhijah,Dzulhijah
528,Dulkaidah,Sela
529,dungu,pekok
530,durian,durèn
531,Düsseldorf,Düsseldorf
532,dzulhijjah,dzulhijjah
533,dzulkaidah,dzulkaidah
534,edan,pekok
535,Efesus,Layang Paulus Efesus
536,einsteinium,einsteinium
537,ejakulasi,éjakulasi
538,ekologi,ékologi
539,ekonomi,ékonomi
540,ekonomi negara,ekonomi
541,ekor,buntut
542,ékor,ikû
543,eksoplanet,eksoplanet
544,elang,elang
545,Elbrus,Elbrus
546,emas,emas
547,embrio,embrio
548,embun,mbun
549,empat,papat
550,empat ratus,patang atus
551,enak,echo
552,enam,nəm
553,engkau,kowe
554,ensiklopedia,ensiklopedhi
555,entot,ancok
556,enzim,enzim
557,Ephesos,Efesus
558,erbium,erbium
559,Eris,Eris
560,Eritrea,Eritrea
561,Eropa,Eropah
562,esok,sésok ésok
563,Ester,Ester
564,Estonia,Estonia
565,Ethiopia,Etiopia
566,Etiopia,Etiopia
567,eugenika,eugenetika
568,ewe,ancok
569,Ezra – Nehemia,Ezra – Nehemia
570,eŋkau,kamu
571,fajar,shalat subuh
572,falak,astronomi
573,falsafah,filsafat
574,famili,brayat
575,faring,faring
576,Februari,Fébruari
577,februari,februari
578,Federasi Mikronesia,Mikronesia
579,feodalisme,feodalisme
580,Fiji,Fiji
581,fikir,panginten
582,Filipina,Filipina
583,filogeni,filogeni
584,filologi,filologi
585,filsafat,filsafat
586,Finlandia,Finlandia
587,Firenze,Firenze
588,fisika,fisika
589,fisiologi,fisiologi
590,flu babi,flu babi
591,fluorin,fluorin
592,foie gras,foie gras
593,fonologi,fonologi
594,Formosa,Republik China
595,fosfat,fosfat
596,fosfor,fosfor
597,fotografi,fotografi
598,Fransiskus,Fransiskus
599,Gabon,Gabon
600,gagal jantung,gagal jantung
601,gajah,gajah
602,galaksi,galaksi
603,Gangga,Gangga
604,garam,sarem
605,garasi,garasi
606,garis depan,bathuk
607,gas,gas
608,gasing,gangsingan
609,Gdańsk,Gdańsk
610,GDP,PDB
611,Gdynia,Gdynia
612,geblek,pekok
613,gelap,peteng
614,gelas,gelas
615,geledek,geledek
616,gelombang,ombak
617,Gemini,Gemini
618,gempa bumi,gempa bumi
619,gemuk,lemu
620,gemuruh,gludug
621,genetika,genetika
622,genosid,genosida
623,genosida,genosida
624,Genova,Genova
625,geografi,géografi
626,geologi,géologi
627,geomorfologi,géomorfologi
628,gerah,sumu’
629,gereja,greja
630,Gereja Katolik Roma,Gréja Katulik Roma
631,gerhana bulan,grahana rembulan
632,gerimis,grimis
633,Gestapo,Gestapo
634,Ghana,Ghana
635,Gibraltar,Gibraltar
636,gigi,untu
637,gigit,cokot
638,gila,pekok
639,giok,giok
640,glukosa,glukosa
641,goblok,pekok
642,golongan tabel periodik,golongan tabèl périodik
643,gondorukem,gandarukem
644,gravitasi,gravitasi
645,Greenland,Greenland
646,Grenada,Grenada
647,Guadeloupe,Guadeloupe
648,Gua suka sama lu,Aku tresna sampeyan
649,Guatemala,Guatemala
650,Guernsey,Guernsey
651,gugur kandungan,abortus
652,Guinea,Guinea
653,Guinea-Bissau,Guinea-Bissau
654,Guinea Khatulistiwa,Guinea Khatulistiwa
655,gula,gula
656,gulali,glali
657,guntur,gludug
658,gunung,gunung
659,gunung berapi,gunung geni
660,Gunung Everest,Mount Everest
661,guru,guru
662,gurun,segara wedhi
663,Guyana,Guyana
664,Guyana Perancis,Guyana Prancis
665,Habakuk,Habakuk
666,habitat,habitat
667,hafnium,hafnium
668,Hagai,Hagai
669,Haiti,Haiti
670,haji,haji
671,Hakim-hakim,Para Hakim
672,halaman,kaca
673,halaman utama,kaca utama
674,halilintar,geledek
675,halimun,pedut
676,hambar,anyep
677,hangat,anget
678,Hangeul,Hangeul
679,hanya,cuma
680,harga,rego
681,hari,dino
682,harian,koran
683,hari Jumat,jemuwah
684,hari Kamis,kemis
685,harimau,macan
686,hari Rabu,rebo
687,hari Sabtu,Sabtu
688,harus,kudu
689,hassium,hassium
690,hati,ati
691,hati-hati,ati-ati
692,Haumea,Haumea
693,haus,ngelak
694,helium,helium
695,hewan,kewan
696,hewan berbuku-buku,kéwan mawa ros-rosan
697,hidrogen,hidrogen
698,hidrogen nitrat,hidrogen nitrat
699,hidrokarbon,hidrokarbon
700,hidung,irung
701,hidup,urip
702,hiduŋ,irung
703,hifa,hifa
704,hijau,ijo
705,Hijrah,Hijroh
706,hina dina,bajingan
707,Hippokrates,Hippocrates
708,hitam,ireng
709,hiu,hiyu
710,Holland,Walanda
711,holmium,holmium
712,holografi,holografi
713,Homerus,Homeros
714,Honduras,Honduras
715,Hong Kong,Hong Kong
716,"Hong Kong S.A.R., Cina",Hong Kong
717,Hosea,Hosea
718,hujan,udan
719,humanisme,humanisme
720,hutan,alas
721,hutan belantara,wana
722,hutang,utang
723,hutan hujan tropis,alas tropis
724,hutan rimba,wana
725,ia,ḍεwεʔ-e
726,ibu,ibu
727,ibukota,ibu kutha
728,idul adha,bodo besar
729,Idul Fitri,riyaya
730,idul kurban,bodo kaji
731,ikan,iwak
732,ikut,melu
733,ilmu,èlmu
734,ilmu bahasa,linguistik
735,ilmu bangunan,seni bangunan
736,ilmu bintang,Astronomi
737,ilmu ekonomi,ekonomi
738,ilmu pengetahuan,èlmu
739,ilmu perbintangan,Astronomi
740,Imamat,Kaimaman
741,imigrasi,imigrasi
742,Indera,Indra
743,India,India
744,Indianapolis,Indianapolis
745,indium,indium
746,Indonesia,Indonesia
747,inflasi,inflasi
748,ingat,eling
749,ingin,kepingin
750,ini,iki
751,injil,injil
752,Injil Lukas,Injil Lukas
753,Injil Markus,Injil Markus
754,Injil Matius,Injil Matius
755,Injil Yohanes,Injil Yohanes
756,interaksi,interaksi
757,inti atom,inti atom
758,inti sel,nukleus
759,iodin,iodin
760,ion,ion
761,iridium,iridium
762,irigasi,irigasi
763,isi perut,usus
764,Iskandar yang Agung,Alexander Agung
765,Islam,Islam
766,Isle of Man,Pulo Man
767,Istambul,Istambul
768,isteri,semah
769,istirahat,ngaso
770,istri,garwa
771,iterbium,iterbium
772,itrium,itrium
773,itu,kuwi
774,jagad raya,alam semesta
775,jagung,jagung
776,jahat,elek
777,jahe,jahe
778,jahit,dondom
779,jalan,dalan
780,jalan raya,dalan
781,Jalur Gaza,Lurung Gaza
782,jam,jam
783,Jamaika,Jamaika
784,jambu batu,jambu kluthuk
785,jambu biji,jambu kluthuk
786,jamur pinus,matsutaké
787,janji,janji
788,jantung,jantung
789,Januari,Januari
790,januari,januari
791,jari,driji
792,jarum,dom
793,jati,jati
794,jatuh,tiba
795,jauh,adhoh
796,Jawa,Jawa
797,Jazirah Arab,Semenanjung Arab
798,Jeanne d’Arc,Jeanne d’Arc
799,jelas,cetha
800,jelek,elek
801,jembatan,kreteg
802,jempol,jempol
803,jenazah,kunarpa
804,jendela,jendhéla
805,jenggot,jenggot
806,Jenghis Khan,Genghis Khan
807,jenuh,kebak
808,Jepang,Jepang
809,jerapah,jerapah
810,Jerman,Jerman
811,jernih,bening
812,jeruk bali,jeruk bali
813,jeruk keprok,jeruk bali
814,jeruk manis,jeruk
815,Jibouti,Djibouti
816,jihad,jihad
817,Johannesburg,Johannesburg
818,judo,judo
819,Juli,Juli
820,juli,juli
821,Julius Caesar,Julius Caesar
822,Jumadilakhir,Jumadilakir
823,jumadil akhir,Jumadilakir
824,Jumadilawal,Jumadilawal
825,jumadil awal,jumadilawal
826,Jumat,Jemuwah
827,jumat,jemuwah
828,jumjumah,tengkorak
829,Juni,Juni
830,juni,juni
831,kabut,pedut
832,kaca,gelas
833,kacang,kacang
834,kacoa,coro
835,kadal,kadhal
836,kafeina,kafein
837,Kairo,Kairo
838,kakak,ari
839,kakak perempuan,nduk
840,kakek,eyang
841,kaki,sikil
842,kalajengking,kalajengking
843,kalau,menawi
844,Kaledonia Baru,Kaledonia Baru
845,kalender,kalendher
846,kalian,kowe kabeh
847,Kalimantan,Kalimantan
848,Kaliningrad,Kaliningrad
849,kalium,kalium
850,kalsium,kalsium
851,kalung,kalung
852,kambing,wedus
853,Kamboja,Kamboja
854,Kamerun,Kamerun
855,kami,kami
856,kamis,kemis
857,kampret,jancok
858,kampung,désa
859,kamu,kowe
860,kamus,bausastra
861,KamusWiki,Wiktionary
862,Kanada,Kanada
863,kanan,tengen
864,kanguru,kanguru
865,kanjut,peli
866,kantong empedu,kantung empedu
867,kantong pelir,konthol
868,kantung empedu,kantung empedu
869,kapan,kapan
870,Kapernaum,Kapernaum
871,Kaprikornus,Capricornus
872,kapsul,kapsul
873,kapur,kapur
874,kapur tulis,kapur
875,karbon,karbon
876,karbon dioksida,karbon dioksida
877,kardiologi,kardiologi
878,karnaval,karnaval
879,kartu pos,kertu pos
880,kata,ukara
881,katak,kodhok
882,kata-kata kotor,pisuhan
883,kata kerja,kriyo
884,katalan,Boso Katal
885,kata makian,pisuhan
886,katana,katana
887,katedral,katedral
888,kation,kation
889,Katolik,Katulik
890,Katowice,Katowice
891,katulistiwa,katulistiwa
892,Kaukasus,Kaukasus
893,kaya,sugih
894,kayu,kajeng
895,kayu tusam,pinus
896,ke,menyang
897,keadaan,kahanan
898,kebakaran besar,geni
899,keberanian,kawenan
900,kecebong,kecebong
901,kecepatan,kacepetan
902,kecil,cilik
903,kecoa,coro
904,kecoak,coro
905,kecuali,kajaba
906,kecut,kecut
907,kedamaian,rukun
908,kedamaian hati,rukun
909,kedelapan,kawolu
910,kedokteran,kedhokteran
911,kegairahan,geni
912,kegemukan,obesitas
913,kegendutan,obesitas
914,Kejadian,Purwaning Dumadi
915,kejahatan,angkara
916,keju,kèju
917,Kekristenan,Kristen
918,kekristenan,kristen
919,kekuatan,geni
920,kekuningan,jene
921,kelapa,krambil
922,kelawar,kalong
923,kelelawar,kalong
924,kelengkeng,klèngkèng
925,keluar,metu
926,Keluaran,Pangentasan
927,keluarga,brayat
928,kemalasan,kesed
929,kemerah merahan,jambon
930,kemerdekaan,kemerdekaan
931,kencana,emas
932,kentaur,kentaur
933,Kenya,Kénya
934,kenyang,warek
935,kepadatan,kapadhetan
936,kepala,sirah
937,keparat,jancok
938,kepinding,tinggi
939,kepiting,yuyu
940,kepulauan,kapuloan
941,Kepulauan British Virgin,Kapuloan Virgin Britania Raya
942,Kepulauan Cayman,Kapuloan Cayman
943,Kepulauan Cook,Kapuloan Cook
944,Kepulauan Faeroe,Kapuloan Faroe
945,Kepulauan Faroe,Kapuloan Faroe
946,Kepulauan Mariana Utara,Kapuloan Mariana Lor
947,Kepulauan Marshall,Kapuloan Marshall
948,Kepulauan Pitcairn,Kapuloan Pitcairn
949,Kepulauan Solomon,Kapuloan Solomon
950,Kepulauan Turks dan Caicos,Kapuloan Turks lan Caicos
951,Kepulauan Virgin Britania Raya,Kapuloan Virgin Britania Raya
952,Kerajaan Denmark,Denmark
953,Kerajaan Hasyimiyah Yordania,Krajaan Hasyimiyah Yordania
954,keramik,keramik
955,keras,atos
956,kerbau,kebo
957,kereta api,sêpùr
958,kerikil,kerikil
959,kering,garing
960,keriting,brintik
961,keriŋ,akiŋ
962,kertas,dluwang
963,keruh,buthek
964,kesehatan,kaséhatan
965,ke situ,rono
966,kesusasteraan,sastra
967,ketawa,ŋguyu
968,ketiak,ketek
969,ketiga,katelu
970,ketimun,timun
971,Kharkiv,Kharkiv
972,Khartoum,Khartoum
973,Khatulistiwa,Katulistiwa
974,khatulistiwa,katulistiwa
975,khitan,supit
976,khotbah,kutbah
977,khutbah,kutbah
978,Kidung Agung,Kidung Agung
979,kilat,geledek
980,kilometer,kilomèter
981,kilometer persegi,kilomèter pesagi
982,kimia,kimia
983,kiper,penjaga gawang
984,kiri,kiwa
985,Kiribati,Kiribati
986,Kisah Para Rasul,Para Rasul
987,kita,kita sedaya
988,kitab,buku
989,Kitab Hakim-hakim,Para Hakim
990,Kitab Kidung Agung,Kidung Agung
991,Kitab Mazmur,Masmur
992,klor,klorin
993,klorin,klorin
994,kobalt,kobalt
995,kodok,kodhok
996,kok,kok
997,komet,komèt
998,Komite Olimpiade Internasional,Komite Olimpiade Internasional
999,Komoro,Komoro
1000,Komoros,Komoro
1001,komputer,komputer
1002,Komuni Anglikan,Komuni Anglikan
1003,Konfusius,Kong Hu Cu
1004,Kong Hu Cu,Kong Hu Cu
1005,kontol,peli
1006,kopi,kopi
1007,koran,koran
1008,Korea,Koréa Lor
1009,Korea Selatan,Koréa Kidul
1010,Korea Utara,Koréa Lor
1011,kosmos,kosmos
1012,Kosovo,Kosovo
1013,kota,khutha
1014,Kota Bandung,Kutha Bandhung
1015,kotak suara,laring
1016,Kota Surabaya,Kutha Surabaya
1017,kotbah,kutbah
1018,kotor,reget
1019,Krasnodar,Krasnodar
1020,Kristen,Kristen
1021,Kristus,Kristus
1022,kromosom,kromosom
1023,kucing,kucing
1024,kuda,jaran
1025,kue,jajan
1026,Kuil Artemis di Efesus,Kuil Artemis
1027,kuku,kuku
1028,kulit,kulit
1029,kumbang,kumbang
1030,kumis,brengos
1031,kuning,jene
1032,kuniŋ,kuniŋ
1033,kuping,talingan
1034,kupiŋ,kupiŋ
1035,kupu-kupu,kupu
1036,kura-kura,kura
1037,kurma,kurma
1038,kursi,kursi
1039,kutu,tuma
1040,Kutub Selatan,Kutub Kidul
1041,kutu busuk,tinggi
1042,Kutub Utara,Kutub Lor
1043,Kuwait,Kuwait
1044,lab,laboratorium
1045,laba-laba,kemangga
1046,laboratorium,laboratorium
1047,ladang,sawah
1048,lain,benten
1049,laki-laki,jaler
1050,laksamana,laksamana
1051,lalat,laler
1052,laler,laler
1053,lama,sepuh
1054,lambuŋ,usus
1055,landak kecil,landhak
1056,langau,laler
1057,langit,langit
1058,lantai,mester
1059,Laos,Laos
1060,lapan,wolu
1061,lapisan ozon,lapisan ozon
1062,laring,laring
1063,Latium,Latium
1064,laut,segara
1065,lautan,segoro
1066,Lautan Antartika,Samudra Kidul
1067,Lautan Teduh,Samudra Pasifik
1068,Laut Arab,Segara Arab
1069,Laut Baltik,Segara Baltik
1070,Laut Cina Selatan,Segara Cina Kidul
1071,Laut Hitam,Segara Ireng
1072,Laut Karibia,Segara Karibia
1073,Laut Kaspia,Segara Kaspia
1074,Laut Koral,Segara Koral
1075,Laut Kuning,Segara Kuning
1076,Laut Kutub Utara,Samudra Arktik
1077,Laut Mati,Segara Mati
1078,Laut Mediterania,Segara Tengah
1079,Laut Merah,Segara Abang
1080,Laut Putih,Segara Putih
1081,Laut Tengah,Segara Tengah
1082,Laut Utara,Segara Lor
1083,lawrensium,lawrensium
1084,layang-layang,layangan
1085,layar,layar
1086,laŋit,langit
1087,Lebanon,Libanon
1088,lebar,amba
1089,lébar,amba
1090,Lebaran,bodo
1091,lebaran haji,bodo besar
1092,leher,gulu
1093,léhér,gulû
1094,Leipzig,Lipsk
1095,lelaki,lanang
1096,lem,lém
1097,lemak,gajih
1098,lempar,sawat
1099,lengan,lengen
1100,lengkeng,klèngkèng
1101,Leo,Leo
1102,Lesotho,Lesotho
1103,lesu,lesu
1104,letkol,lètnan kolonèl
1105,letnan kolonel,lètnan kolonèl
1106,leukemia,leukemia
1107,liang peranakan,vagina
1108,liat,alot
1109,lidah,ilat
1110,Liechtenstein,Liechtenstein
1111,Liguria,Liguria
1112,lihat,deleng
1113,lilin,lilin
1114,lima,lima
1115,lima puluh,seket
1116,limau,jeruk
1117,limpa,limpa
1118,linguistik,linguistik
1119,lisosom,lisosom
1120,liter,liter
1121,literatur,sastra
1122,litium,litium
1123,Lituania,Lituania
1124,lonceng,jam
1125,lonte,lonthé
1126,Los Angeles,Los Angeles
1127,luas,jembar
1128,lubang bokong,silit
1129,lubang hitam,bolongan ireng
1130,ludah,idu
1131,Luksemburg,Luksemburg
1132,lumba-lumba,lumba-lumba
1133,lupa,lali
1134,lutut,dhengkul
1135,Luxembourg,Luksemburg
1136,Luxemburg,Luksemburg
1137,macan,macan
1138,Madagaskar,Madagaskar
1139,madidihang,madidihang
1140,Madinah,Medinah
1141,madu,madu
1142,Magna Carta,Magna Carta
1143,magnesium,magnesium
1144,magnet,magnet
1145,mahal,larang
1146,makan,mangan
1147,makanan,panganan
1148,makan pagi,sarapan
1149,makasih,nuwun sewu
1150,Makemake,Makemake
1151,makian,pisuhan
1152,makromolekul,makromolekul
1153,Maladewa,Maladewa
1154,malaikat,malaékat
1155,malam,beŋi
1156,malaria,malaria
1157,malas,males
1158,Malawi,Malawi
1159,Malaysia,Malaysia
1160,Maldives,Maladewa
1161,Maleakhi,Maleakhi
1162,Mali,Mali
1163,maling,maling
1164,Malta,Malta
1165,malu,isin
1166,mangan,mangan
1167,manggis,manggis
1168,mangunyah,mamah
1169,manik-manik,kalung
1170,manis,manis
1171,manusia,manungsa
1172,marah,gerem
1173,Maret,Maret
1174,maret,maret
1175,margarin,margarin
1176,Maroko,Maroko
1177,Mars,Mars
1178,Martinique,Martinique
1179,mas,emas
1180,masa,wektu
1181,masih,tasih
1182,masjid,mesjid
1183,massa jenis,massa jenis
1184,masuk,mlebu
1185,mata,mata
1186,Matahari,Srengéngé
1187,matahari,srengenge
1188,matematika,matematika
1189,mati,mati
1190,mau,kepengen
1191,Mauritius,Mauritius
1192,Mausoleum di Halicarnassus,Mausoleum Mausolus
1193,mayat,kunarpa
1194,mayor,mayor
1195,Mazmur,Masmur
1196,megameter,megameter
1197,Mei,Mèi
1198,mei,mei
1199,meiosis,meiosis
1200,meja,kotak
1201,Mekah,Mekah
1202,meki,tempek
1203,Mekong,Kali Mekong
1204,Meksiko,Meksiko
1205,melanjutkan,nerusake
1206,melempar,habalang
1207,melémparkan,habalang
1208,meletus,mbledhos
1209,melihat,l-um-ihat
1210,meludah,ngidu
1211,meludahi,idu
1212,memainkan,dolanan
1213,memakai,ndamel
1214,memakan,mangan
1215,memanjat,menek
1216,memasak,oloh-oloh
1217,membaca,maos
1218,membagi,gedum
1219,membakar,mbesem
1220,membantu,ngewangi
1221,membawa,nggowo
1222,membelah,pilah
1223,membeli,tuku
1224,membengkak,aböh
1225,memberi,maringi
1226,membeŋkak,aboh
1227,membuat,nggawe
1228,membuka,buka
1229,membunuh,amati
1230,membunyikan,dolanan
1231,memegang,gěgěm
1232,memegaŋ,ŋasta
1233,memek,tempek
1234,memeras,meres
1235,memikir,hid.ěp
1236,memilih,milih
1237,meminta,njaluk
1238,memotong,ngethok
1239,memotoŋ,nugel
1240,memukul,amupuh
1241,menanam,nandur
1242,menangis,mular
1243,menangkap,nyekel
1244,Menara Eiffel,Menara Eiffel
1245,menari,nari
1246,menaŋis,manangis
1247,mencari,pados
1248,mencintai,trisno
1249,mencium,ngambu
1250,mencuci,ngumbah
1251,mencuri,nyolong
1252,mendaki,miŋqah
1253,mendapat,entuk
1254,mendataŋ,dateŋ
1255,mendataŋi,dateŋ
1256,mendekati,dateŋ
1257,mendengar,d.ěngěr
1258,mendengarkan,ngrungokne
1259,mendeŋar,d.ěngěr
1260,menduduk,leŋqah
1261,mendung,mendung
1262,menelan,nguntal
1263,menembak,mbeḍil
1264,menémbak,mbeḍil
1265,menendang,nyepak
1266,menenggak,nguntal
1267,menerima,nampi
1268,menetak,nugel
1269,mengalir,mili
1270,mengambil,njupuk
1271,mengancuk,ngancuk
1272,mengecat,ngecet
1273,mengentot,ngancuk
1274,mengerti,paham
1275,menggali,gali
1276,menggaruk,kukur
1277,menghabiskan,mangan
1278,menghasilkan,ngasilno
1279,menghitung,hitung
1280,mengikat,ikět
1281,mengisap,sěsěp
1282,mengkudu,kemudu
1283,menguap,ang-hwap
1284,menikah,rabi
1285,menikam,nujes
1286,meninggal,tilar
1287,meniup,nyebul
1288,menjahit,dondom
1289,menjual,nyadhe
1290,menteri,ratu
1291,mentimun,timun
1292,menulis,nulis
1293,menumbuk,nutu
1294,menusuk,nujes
1295,menyentuh,ndemek
1296,menyesal,getun
1297,meong,kucing
1298,merah,abrit
1299,mérah,abrit
1300,merah jambu,jambon
1301,merah muda,jambon
1302,merebus,nggodhok
1303,mereka,deweke kabeh
1304,meréka,deweke kabeh
1305,meremas,meres
1306,merjan,kalung
1307,Merkurius,Merkurius
1308,Mesir,Mesir
1309,mesjid,mesjid
1310,meter,meter
1311,Mexico,Meksiko
1312,meŋalir,hili
1313,meŋgarut,kukur
1314,meŋgigit,gugut
1315,meŋguap,ang-hwap
1316,meŋhituŋ,hitung
1317,meŋikat,ikět
1318,meŋisap,sěsěp
1319,meŋuñah,mamah
1320,mi,bakmi
1321,mie,bakmi
1322,Mikha,Mikha
1323,mikologi,mikologi
1324,Mikronesia,Mikronesia
1325,mikroskop,mikroskop
1326,mil,mil
1327,Milan,Milan
1328,mimpi,i-ni-pi
1329,mineral,mineral
1330,minggu,minggu
1331,minum,ngunjuk
1332,minyak,lengo
1333,minyak bumi,lenga patra
1334,minyak vitriol,asam sulfat
1335,misigit,Mesjid
1336,mitokondria,mitokondria
1337,moai,moai
1338,Moldavia,Moldavia
1339,Moldova,Moldova
1340,molekul,molekul
1341,Monako,Monako
1342,monarki,monarki
1343,Mongolia,Mongolia
1344,Montenegro,Montenégro
1345,Montserrat,Montserrat
1346,monyet,kettek
1347,Muhammad,Muhammad
1348,Muharram,Sura
1349,muharram,muharram
1350,muka,rai
1351,mukjizat,mukjizat
1352,mulut,cangkem
1353,mumi,mumi
1354,München,München
1355,mundar-mandir tanpa tujuan,bulan
1356,muntah,mutah
1357,Musa,Musa
1358,musikus,musisi
1359,musim,mongso
1360,musim gugur,mangsa gugur
1361,Muslim,Muslim
1362,Myanmar,Myanmar
1363,nafas,ambegan
1364,Nahum,Nahum
1365,naik,miŋqah
1366,nama,asma
1367,Namibia,Namibia
1368,ñamuk,lemut
1369,nangka,nangka
1370,nasi,sego
1371,Nasrani,Kristen
1372,Natal,Natal
1373,natrium,natrium
1374,Nauru,Nauru
1375,nebula,nebula
1376,negara Jepang,Jepang
1377,negara Paraguay,Paraguay
1378,negeri Belgia,Bèlgia
1379,Negeri Dahomei,Benin
1380,negeri Jerman,Jerman
1381,neoliberalisme,néoliberalisme
1382,neon,neon
1383,Nepal,Nepal
1384,Neptunus,Neptunus
1385,neraca,timbangan
1386,Netherlands,Walanda
1387,neutron,netron
1388,ngaceng,ngaceng
1389,ngantuk,ngantuk
1390,ngentot,ngancuk
1391,ngentot lu,jancok
1392,ngewe,ngancuk
1393,ngomong besar,nggedebus
1394,nian,tenan
1395,Nicolaus Copernicus,Nicolaus Copernicus
1396,Niedersachsen,Niedersachsen
1397,Niger,Niger
1398,Nikaragua,Nikaragua
1399,nikel,nikel
1400,nikotina,nikotin
1401,Nil,Nil
1402,nitrogen,nitrogen
1403,nomor atom,nomer atom
1404,November,Nopèmber
1405,nukleotida,nukleotida
1406,nukleus,inti atom
1407,nusa,pulo
1408,nyala,geni
1409,nyamuk,lemut
1410,nyeri,loro
1411,Obaja,Obaja
1412,obesitas,obesitas
1413,oblast,oblast
1414,Octobre,Oktober
1415,oksigen,zat asam
1416,Oktober,Oktober
1417,oktober,Oktober
1418,olahraga,olahraga
1419,onta,unta
1420,orang,manungsa
1421,Orang Inggris,Wong Inggeris
1422,Orang Inggris Kuno,Bangsa Inggeris
1423,orang Jawa,wong Jawa
1424,oraŋ,tiyaŋ
1425,ordo,ordo
1426,Organisasi Kesehatan Sedunia,Organisasi Kaséhatan Donya
1427,Organisasi Perdagangan Dunia,Organisasi Perdagangan Donya
1428,Organisasi Pertahanan Atlantik Utara,Pakta Pertahanan Atlantik Lor
1429,Oseania,Oséania
1430,Osing,Using
1431,osmium,osmium
1432,Ossetia Selatan,Ossetia Kidul
1433,otolaringologi,otolaringologi
1434,Pacific,Samudra Pasifik
1435,padang gurun,segara wedhi
1436,padi,pari
1437,pagi,ésuk
1438,paha,pupu
1439,pahit,pait
1440,pakaian,sandhang
1441,Pakistan,Pakistan
1442,palu,gandhèn
1443,paman,paman
1444,Panama,Panama
1445,panas,panas
1446,pangan,panganan
1447,pangeran,putro
1448,pangkal tenggorokan,laring
1449,panjang,dawa
1450,panjaŋ,panjaŋ
1451,pankreas,pankreas
1452,pantai,panté
1453,papan tulis,blabag
1454,Papiamento,Papiamento
1455,Papua Nugini,Papua Nugini
1456,Paraguay,Paraguay
1457,pari ayam,pe manuk
1458,pari burung,pe manuk
1459,Paris,Paris
1460,pasar,pasar
1461,pasir,pasir
1462,Paskah,Paskah
1463,patah,tugel
1464,Patung Zeus di Olympia,Reca Zeus ing Olympia
1465,paus,iwak paus
1466,Paus Benediktus ⅩⅥ,Paus Benediktus ⅩⅥ
1467,payudara,susu
1468,PBB,Perserikatan Bangsa-Bangsa
1469,PDB,PDB
1470,Pebruari,februari
1471,pedas,pedhes
1472,pediatri,pediatri
1473,pedofilia,pedofilia
1474,pegang,asta
1475,pekan,peken
1476,pekerjaan,pendamelan
1477,pelacur,lonthé
1478,peler,konthol
1479,pelit,medhit
1480,pembuahan,pambuahan
1481,pembuluh balik,pambuluh balik
1482,pembuluh darah,pembuluh darah
1483,pembuluh nadi,arteri
1484,penakut,jireh
1485,pencakar langit,penyakar langit
1486,pencetak,pencetak
1487,pencopet,copèt
1488,pencuri,bajingan
1489,pendek,endek
1490,péndék,celak
1491,penembak jitu,sniper
1492,penembak runduk,sniper
1493,Pengadilan Keadilan Internasional,Mahkamah Internasional
1494,Pengkhotbah,Juru Kotbah
1495,penis,penis
1496,penjaga gawang,penjaga gawang
1497,penjahat,bajingan
1498,pensil,potlot
1499,penuh,kebak
1500,penyu,bulus
1501,penyu hijau,bulus ijem
1502,pepaya,kates
1503,perahu,prau
1504,perak,perak
1505,Perancis,Prancis
1506,Perang Dingin,Perang Dingin
1507,perang dingin,perang dingin
1508,Perang Dunia II,Perang Donya II
1509,Perang Dunia Kedua,Perang Donya Ⅱ
1510,Perang Dunia Pertama,Perang Donya Ⅰ
1511,perangko,prangko
1512,Perang Salib,Perang Salib
1513,perek,lonthé
1514,perempuan,wadon
1515,pergi,kesa
1516,Perhimpunan Bangsa-Bangsa Asia Tenggara,Asosiasi Bangsa Bangsa Asia Kidul Wétan
1517,Perjanjian Baru,Prajanjian Anyar
1518,perkurangan,pangurangan
1519,permainan,dolanan
1520,persahabatan,kompi
1521,persediaan air,banyu
1522,Persekutuan Negara-Negara Merdeka,Persemakmuran Negara-Negara Mardika
1523,Perserikatan Bangsa-Bangsa,Perserikatan Bangsa-Bangsa
1524,pertama,kaso
1525,Peru,Peru
1526,perusahaan,kompi
1527,perut,usus
1528,petir,geledek
1529,Pharos di Alexandria,Mercusuar Iskandariyah
1530,Piala Dunia Sepak bola,Piala Donya Bal-balan
1531,piano,piano
1532,pijer,bleng
1533,pikir,panginten
1534,Pilipina,Filipina
1535,pink,jambon
1536,pintu,lawang
1537,pinus,pinus
1538,pion,pion
1539,Piramida Giza,Piramida Agung Giza
1540,piring,piring
1541,pisang,gedang
1542,pisau,lading
1543,pistol,pistul
1544,pizza,pizza
1545,placur,lonthé
1546,planet,planet
1547,planet katai,planet cilik
1548,planit,planèt
1549,plasebo,plasebo
1550,platina,platina
1551,Plato,Plato
1552,Pluto,Pluto
1553,pohon,wit
1554,pohon mangga,pelem
1555,pohon Natal,cemara Natal
1556,Polandia,Polandia
1557,poliester,poliester
1558,Portugal,Portugal
1559,potlot,potlot
1560,potong,kethok
1561,Poznań,Poznań
1562,Praha,Praha
1563,prajurit,prajurit
1564,pranala,pranala
1565,Prancis,Prancis
1566,prangko,prangko
1567,pria,lanang
1568,prometium,prometium
1569,prosa,gancaran
1570,prostat,prostat
1571,protaktinium,protaktinium
1572,psikologi,psikologi
1573,Ptolemaeus,Ptolemaeus
1574,puasa,pasa
1575,puding,pudhing
1576,Puerto Riko,Puerto Riko
1577,puisi,geguritan
1578,puki,puki
1579,pulau,pulo
1580,Pulau Borneo,Kalimantan
1581,pulau Jawa,Jawa
1582,Pulau Man,Pulo Man
1583,puma,puma
1584,pundak,bahu
1585,punggung,geger
1586,pupil,pupil
1587,puring,puring
1588,pusar,puser
1589,putera,anak
1590,putih,putih
1591,Putin,Putin
1592,putra,anak
1593,putri,putri
1594,Pyongyang,Pyongyang
1595,Pythagoras,Pythagoras
1596,qat,khat
1597,Qatar,Qatar
1598,Rabiulakhir,Rabiulakhir
1599,rabiul akhir,bakdamulud
1600,Rabiulawal,Mulud
1601,rabiul awal,mulud
1602,rabu,rebo
1603,racun,racun
1604,radiasi,radhiasi
1605,radio,radhio
1606,raja,prabu
1607,Rajab,Rejeb
1608,rajab,rejeb
1609,Raja-raja,Para Raja
1610,raket,rakèt
1611,raksa,raksa
1612,Ramadan,Pasa
1613,rama-rama,kupu
1614,rambut,rambut
1615,ranting,pang
1616,rasialisme,rasisme
1617,rasisme,rasisme
1618,Ratapan,Kidung Pasambat
1619,rayap,laron
1620,region,wewengkon
1621,rembulan,bulan
1622,rempah-rempah,rempah-rempah
1623,Renaisans,Renaisans
1624,renang,nglangi
1625,renium,rhenium
1626,replikasi,réplikasi
1627,republik,républik
1628,Republik Afrika Tengah,Republik Afrika Tengah
1629,Republik Arab Mesir,Republik Arab Mesir
1630,Republik Arab Suriah,Republik Arab Suriah
1631,Republik Cina,Republik China
1632,Republik Demokratik Jerman,Républik Demokratik Jerman
1633,Republik Demokratik Kongo,Republik Kongo
1634,Republik Demokratik Rakyat Laos,Republik Demokratik Rakyat Laos
1635,Republik Demokratik Sao Tome dan Principe,Republik Demokratik São Tomé lan Príncipe
1636,Republik Demokratis Rakyat Aljazair,Républik Démokratik Rakyat Aljazair
1637,Republik Dominika,Republik Dominika
1638,Republik Federasi Brasil,Republik Federal Brasil
1639,Republik Indonesia,Indonesia
1640,Republik Islam mauritania,Republik Islam Mauritania
1641,Republik Kongo,Republik Kongo
1642,Republik Tiongkok,Républik Cina
1643,Réunion,Reunion
1644,Revolusi Industri,Révolusi Indhustri
1645,ribosom,ribosom
1646,Riga,Riga
1647,rimba,wana
1648,rindu,kangen
1649,roentgenium,roentgenium
1650,rokok,udud
1651,roti,roti
1652,rumah,omah
1653,rumah kaca,omah kaca
1654,rumput,suket
1655,rupee,rupee
1656,Rusia,Rusia
1657,Rut,Rut
1658,rutenium,rutenium
1659,rutherfordium,rutherfordium
1660,Rwanda,Rwanda
1661,sabar,sabar
1662,sabat,Sabtu
1663,sabtu,Sabtu
1664,Sabuk asteroid,Sabuk asteroid
1665,Sabuk Kuiper,Sabuk Kuiper
1666,sabun,sabun
1667,Safar,Sapar
1668,safar,sapar
1669,saga,saga
1670,sains,èlmu
1671,Saint Helena,Saint Helena
1672,Saint Vincent dan Grenadines,Saint Vincent lan Grenadines
1673,sakar,gula
1674,sakit,lara
1675,sakit kepala,lara sirah
1676,saksofon,saksofon
1677,salat,shalat
1678,salat subuh,shalat subuh
1679,salju,salju
1680,sama,padha
1681,Samoa,Samoa
1682,Samoa Amerika,Samoa Amérika
1683,samudra,banyu
1684,Samudra Arktik,Samudra Arktik
1685,Samudra Atlantik,Samudra Atlantik
1686,Samudra Hindia,Samudra Hindia
1687,Samudra India,Samudra Hindia
1688,Samudra Pasifik,Samudra Pasifik
1689,Samudra Selatan,Samudra Kidul
1690,Samuel,Samuel
1691,sandhi,sandhi
1692,sangat,sanget
1693,San Marino,San Marino
1694,santan,santen
1695,Sao Tome dan Principe,São Tomé lan Príncipe
1696,sapi,lembu
1697,sapi betina,lembu
1698,sapu,sapu
1699,Sardinia,Sardinia
1700,sastra,sastra
1701,satu,siji
1702,Saturnus,Saturnus
1703,saudara,mas
1704,saudari,mbak
1705,sawah,sawah
1706,sawah padi,sawah
1707,saya,aku
1708,Saya cinta kamu,Aku tresna sampeyan
1709,saya cinta kamu,kula tresna sampeyan
1710,sayap,swiwi
1711,sayuran,sayuaran
1712,sayur mayur,sayuaran
1713,sayur-sayuran,sayuaran
1714,seaborgium,seaborgium
1715,sebelas,setunggal welas
1716,sebiji buah,woh-wohan
1717,secang,secang
1718,sedang,tanggung
1719,sedikit,sitik
1720,seekor gajah,gajah
1721,segitiga,segi telu
1722,sehat,waras
1723,sekarang,saiki
1724,selamat datang,sugeng rawuh
1725,selamat ulang tahun,sugeng tanggap warsa
1726,selaput pelangi,iris
1727,selasa,selasa
1728,selatan,kidul
1729,Selat Bosporus,Selat Bosporus
1730,Selat Gibraltar,Selat Gibraltar
1731,Selat Inggris,Selat Inggris
1732,selimut,kemul
1733,selo,cello
1734,sel telur,sèl endhog
1735,semangat,geni
1736,semangka,semangka
1737,sembilan,saŋa
1738,sembilan belas,cool
1739,sembuh,waras
1740,sembuñi,nḍelik
1741,semen,semèn
1742,sempit,apit
1743,semua,sedaya
1744,semut,semut
1745,senang,sumringah
1746,senapan,bedhil
1747,Senegal,Senegal
1748,Senin,senèn
1749,senin,senèn
1750,sensus,sènsus
1751,senyum,mèsem
1752,senyuman,mèsem
1753,sepang,secang
1754,sepatu,sepatu
1755,sepeda,pit
1756,sepeda motor,motor
1757,September,Sèptèmber
1758,september,september
1759,sepuluh,se-puluh
1760,serangga,walang
1761,seratus,satus
1762,Serbia,Serbia
1763,serdadu,prajurit
1764,seribu,sewu
1765,serigala,mbaung
1766,sering,kerep
1767,serta,dateŋ
1768,sesium,sesium
1769,Sesotho,Sesotho
1770,Sesotho Selatan,Sesotho
1771,setan,jancok
1772,setrika,setrika
1773,Seychelles,Seychelles
1774,Shaban,Ruwah
1775,Shawal,Syawal
1776,shiitake,shiitake
1777,sholat,sembahyang
1778,sialan,jancok
1779,siamang,siamang
1780,siapa,sinten
1781,si bodoh,sontoloyo
1782,Sierra Leone,Sierra Leone
1783,sifat putih,pethak
1784,siklon tropis,siklon tropis
1785,siku,sikut
1786,silikon,silikon
1787,simpan,simpan
1788,sinagoga,sinagoga
1789,singa,singa
1790,singa gunung,puma
1791,Singapura,Singapura
1792,sinting,pekok
1793,sirkumfleks,sirkumfleks
1794,Sisilia,Sisilia
1795,si tolol,sontoloyo
1796,sitoplasma,sitoplasma
1797,situ,kana
1798,Siwa,Siwah
1799,Skandinavia,Skandinavia
1800,Skotlandia,Skotlandia
1801,skrotum,konthol
1802,Slovenia,Slovenia
1803,sobek,suwek
1804,Socrates,Sokrates
1805,sodium,natrium
1806,solat,shalat
1807,Somalia,Somalia
1808,sompret,jancok
1809,sontoloyo,goblog
1810,sosialisme,sosialisme
1811,Sotho,Sesotho
1812,Sotho Selatan,Sesotho
1813,Spanyol,Spanyol
1814,spesies,spesies
1815,srikaya,srikaya
1816,Sri Lanka,Sri Lanka
1817,Stockholm,Stockholm
1818,struktur,struktur
1819,suami,garwa
1820,suka,cinta
1821,Sulawesi,Sulawesi
1822,sulit,angel
1823,Sumatra,Sumatra
1824,sunat,supit
1825,sundal,sundel
1826,sungai,kali
1827,Sungai Kuning,Kali Kuning
1828,Sungai Panjang,Kali Yangtze
1829,Sungai Vistula,Kali Wisła
1830,Sungai Yordan,Kali Yordan
1831,sup,sop
1832,surah,surat
1833,surat,layang
1834,surat kabar,koran
1835,Surat kepada Orang Ibrani,Layang Ibrani
1836,Surat Paulus kepada Filemon,Layang Filemon
1837,Surat Paulus kepada Jemaat di Efesus,Layang Paulus Efesus
1838,Surat Paulus kepada Jemaat di Filipi,Layang Paulus Filipi
1839,Surat Paulus kepada Jemaat di Galatia,Layang Paulus Galatia
1840,Surat Paulus kepada Jemaat di Kolose,Layang Paulus Kolose
1841,Surat Paulus kepada Jemaat di Roma,Layang Paulus Roma
1842,Surat Paulus kepada Titus,Layang Titus
1843,Surat Paulus yang Kedua kepada Jemaat di Korintus,Ⅱ Layang Paulus Korintus
1844,Surat Paulus yang Kedua kepada Jemaat di Tesalonika,Ⅱ Layang Paulus Tesalonika
1845,Surat Paulus yang Kedua kepada Timotius,Ⅱ Layang Paulus Timotius
1846,Surat Paulus yang Pertama kepada Jemaat di Korintus,Ⅰ Layang Paulus Korintus
1847,Surat Paulus yang Pertama kepada Jemaat di Tesalonika,Ⅰ Layang Paulus Tesalonika
1848,Surat Paulus yang Pertama kepada Timotius,Ⅰ Layang Paulus Timotius
1849,Surat Petrus yang Kedua,Ⅱ Layang Petrus
1850,Surat Petrus yang Pertama,Ⅰ Layang Petrus
1851,Surat Yakobus,Layang Yakobus
1852,Surat Yohanes yang Kedua,Ⅱ Layang Yohanes
1853,Surat Yohanes yang Ketiga,Ⅲ Layang Yohanes
1854,Surat Yohanes yang Pertama,Ⅰ Layang Yohanes
1855,Surat Yudas,Layang Yudas
1856,Suriah,Suriah
1857,Surinam,Suriname
1858,Suriname,Suriname
1859,sushi,sushi
1860,susu,susu
1861,Swaziland,Swaziland
1862,Sweden,Swedia
1863,Swedia,Swedia
1864,sya’ban,sya’ban
1865,Syria,Suriah
1866,Szczecin,Szczecin
1867,tabel periodik,tabel périodik
1868,taenia,taenia
1869,tahanan politik,tahanan pulitik
1870,tahi,tai
1871,Tahta Suci,Takhta Suci
1872,tahu,ŋerti
1873,tahun,taun
1874,tahun cahaya,taun cahya
1875,tahun/milik kamu,taun
1876,Taiwan,Republik China
1877,tajam,lan.d.ěp
1878,Tajikistan,Tajikistan
1879,takut,wedi
1880,tali,tali
1881,Taman Gantung Babilonia,Taman Gantung Babilonia
1882,tanah,lemah
1883,tanah liat,lempung
1884,Tanakh,Tanakh
1885,tanduk,sungu
1886,tangan,tangan
1887,Tanganyika,Tlaga Tanganyika
1888,tanggung,tanggung
1889,Tanjung Verde,Tanjung Verde
1890,tank,tank
1891,tanpa,tanpo
1892,Tanzania,Tanzania
1893,tapir,tapir
1894,tarik,tarik
1895,Tata Surya,Tata Surya
1896,Taurat,Toret
1897,Taurus,Taurus
1898,tawa,guyu
1899,Tawarikh,Babad
1900,taŋan,taŋan
1901,Tbilisi,Tbilisi
1902,tebal,kandel
1903,tebu,tebu
1904,teh,teh
1905,teknologi informasi,tèknologi informasi
1906,telaga,ranu
1907,telapak kaki,sikil
1908,telfon,talipon
1909,telinga,kuping
1910,teliŋa,taliŋan
1911,telor,tigan
1912,Teluk Benggala,Teluk Benggala
1913,Teluk Persia,Teluk Persia
1914,telur,enḍog
1915,telurium,telurium
1916,tembaga,tembaga
1917,tembakau,tembako
1918,tempat,panggonan
1919,tempat beribadat,sinagoga
1920,tempik,tempek
1921,tengkorak,tengkorak
1922,tentara,prajurit
1923,teori relativitas,teori relativitas
1924,terang,padhang
1925,terbang,mabur
1926,terbaŋ,iběr
1927,terbium,terbium
1928,terima kasih,nuwun sewu
1929,terimakasih,nuwun sewu
1930,terlihat,ketok
1931,teropong,kèker
1932,terputus,pedhot
1933,tersenyum,mesem
1934,tertawa,ŋguyu
1935,tetangga,tonggo
1936,Tetun,Tetun
1937,Thomas Aquinas,Thomas Aquinas
1938,tiba,dateng
1939,tidak,ora
1940,tidur,turu
1941,tiga,telu
1942,tiga puluh,telung puluh
1943,Tigris,Tigris
1944,tikus,tikus
1945,timah,timah
1946,timbal,timbal
1947,timbangan,timbangan
1948,timur,wetan
1949,Timur Jauh,Wétan Adoh
1950,Timur Tengah,Wétan Tengah
1951,tinggi,tinggi
1952,tipis,tipis
1953,titit,peli
1954,Togo,Togo
1955,toke,tekèk
1956,tokek,tekèk
1957,Tok Pisin,Basa Tok Pisin
1958,tolol,goblog
1959,tonggeret,tonggèrèt
1960,topan,hurikan
1961,topaz,topaz
1962,Torah,Toret
1963,totol,katro
1964,transistor,transistor
1965,trigonometri,trigonomètri
1966,Trinidad dan Tobago,Trinidad lan Tobago
1967,Tripoli,Tripoli
1968,triskaidekafobia,triskaidekafobia
1969,truk,trek
1970,tsunami,tsunami
1971,tua,tuwo
1972,tubuh,badan
1973,Tuhan,Tuhan
1974,tuhan,hyang
1975,tujuh,pitu
1976,Tujuh Keajaiban Dunia,Pitu Kaajaiban Donya
1977,tulang,balung
1978,tulaŋ,baluŋ
1979,tuli,budeg
1980,tulp,tulip
1981,tumbuh,t-um-uwuh
1982,tumbuh-tumbuhan,tanduran
1983,tumit,tungkak
1984,tumit kaki,tungkak
1985,tumpul,keṭul
1986,tuna rungu,budeg
1987,tungkai,sikil
1988,Tunis,Tunis
1989,Tunisia,Tunisia
1990,Turki,Turki
1991,Turkmenistan,Turkmenistan
1992,tusam,pinus
1993,Tuvalu,Tuvalu
1994,UA,Uni Afrika
1995,uang,dhuwit
1996,udang,urang
1997,UE,Uni Eropah
1998,Uganda,Uganda
1999,Ukraina,Ukraina
2000,Ulangan,Andharaning Torèt
2001,ular,ula
2002,umbai cacing,umbai cacing
2003,umpatan,pisuhan
2004,umrah,umrah
2005,Uni Afrika,Uni Afrika
2006,Uni Emirat Arab,Uni Emirat Arab
2007,Uni Eropa,Uni Eropah
2008,Uni Soviet,Uni Sovyèt
2009,Uni Sovyet,Uni Sovyèt
2010,universitas,universitas
2011,unta,unta
2012,untuk,kanggo
2013,uranium,uranium
2014,Uranus,Uranus
2015,urat,akar
2016,Uruguay,Uruguay
2017,Usbekistan,Uzbekistan
2018,Usmaniyah,Usmaniyah
2019,usus,usus
2020,usus besar,usus
2021,usus kecil,usus
2022,usus penyerapan,usus penyerepan
2023,utara,ler
2024,Uzbekistan,Uzbekistan
2025,vagina,vagina
2026,vakuola,vakuola
2027,Vanuatu,Vanuatu
2028,Vatikan,Vatikan
2029,velositas,kacepetan
2030,vena,pambuluh balik
2031,Venezuela,Venezuela
2032,ventilasi,cendhéla
2033,Venus,Venus
2034,Vicenza,Vicenza
2035,Vietnam,Viètnam
2036,Viking,Viking
2037,violoncello,cello
2038,Virgo,Virgo
2039,vuvuzela,vuvuzela
2040,waduk,wadhuk
2041,Wahyu kepada Yohanes,Kitab Wahyu
2042,waktu,wektu
2043,walikota,walikutha
2044,Wallis dan Futuna,Wallis lan Futuna
2045,wanita,wadon
2046,warna,werna
2047,Wiesbaden,Wiesbaden
2048,wijen,wijèn
2049,Wiktionary,Wiktionary
2050,Wina,Wina
2051,Windhoek,Windhoek
2052,Wisnu,Wisnu
2053,Wolfgang,Wolfgang
2054,wolfram,wolfram
2055,Wrocław,Wrocław
2056,Yahudi,Yahudi
2057,Yaman,Yaman
2058,Yangtze,Yangtze
2059,Yehezkiel,Yéhèzkièl
2060,Yeremia,Yérémia
2061,Yerusalem,Yerusalem
2062,Yesaya,Yésaya
2063,Yesus,Yesus
2064,Yesus Kristus,Yesus Kristus
2065,yodium,yodium
2066,Yoël,Yoel
2067,Yosua,Yosua
2068,Yugoslavia,Yugoslavia
2069,yumat,jemuwah
2070,Yunus,Yunus
2071,Yupiter,Jupiter
2072,Zagreb,Zagreb
2073,Zakharia,Zakharia
2074,zaman,jaman
2075,Zaman Batu,Jaman Watu
2076,Zaman Besi,Jaman Wesi
2077,Zaman Perunggu,Jaman Prunggu
2078,zat air,hidrogen
2079,zat arang,karbon
2080,zat asam,zat asam
2081,zat asam arang,karbon dioksida
2082,zat lemas,nitrogen
2083,zat pembakar,zat asam
2084,Zefanya,Zefanya
2085,Zimbabwe,Zimbabwe
2086,zink,sèng
2087,zirkonium,zirkonium
2088,zoologi,zoologi
2089,Zürich,Zürich
2090,Łódź,Łódź
2091,بهاس جاوا,basa Jawa
